<?xml version="1.0" encoding="UTF-8" ?>
<!DOCTYPE mapper PUBLIC "-//mybatis.org//DTD Mapper 3.0//EN" "http://mybatis.org/dtd/mybatis-3-mapper.dtd" >
<mapper namespace="cn.enjoy.dao.EnjoyUserMapper" >
  <resultMap id="BaseResultMap" type="cn.enjoy.model.EnjoyUser" >
    <!--
      WARNING - @mbggenerated
      This element is automatically generated by MyBatis Generator, do not modify.
      This element was generated on Thu Sep 13 17:54:20 CST 2018.
    -->
    <id column="id" property="id" jdbcType="INTEGER" />
    <result column="passwd" property="passwd" jdbcType="VARCHAR" />
    <result column="username" property="username" jdbcType="VARCHAR" />
  </resultMap>
  <sql id="Base_Column_List" >
    <!--
      WARNING - @mbggenerated
      This element is automatically generated by MyBatis Generator, do not modify.
      This element was generated on Thu Sep 13 17:54:20 CST 2018.
    -->
    id, passwd, username
  </sql>
  <select id="selectByPrimaryKey" resultMap="BaseResultMap" parameterType="java.lang.Integer" >
    <!--
      WARNING - @mbggenerated
      This element is automatically generated by MyBatis Generator, do not modify.
      This element was generated on Thu Sep 13 17:54:20 CST 2018.
    -->
    select 
    <include refid="Base_Column_List" />
    from enjoy_user
    where id = #{id,jdbcType=INTEGER}
  </select>
  <select id="findUserByUsernameAndPwd" resultType="cn.enjoy.model.EnjoyUser">
    select
    *
    from enjoy_user
    where passwd = #{passwd,jdbcType=VARCHAR} and
      username = #{username,jdbcType=VARCHAR}
  </select>
  <delete id="deleteByPrimaryKey" parameterType="java.lang.Integer" >
    <!--
      WARNING - @mbggenerated
      This element is automatically generated by MyBatis Generator, do not modify.
      This element was generated on Thu Sep 13 17:54:20 CST 2018.
    -->
    delete from enjoy_user
    where id = #{id,jdbcType=INTEGER}
  </delete>
  <insert id="insert" parameterType="cn.enjoy.model.EnjoyUser" >
    <!--
      WARNING - @mbggenerated
      This element is automatically generated by MyBatis Generator, do not modify.
      This element was generated on Thu Sep 13 17:54:20 CST 2018.
    -->
    insert into enjoy_user (id, passwd, username
      )
    values (#{id,jdbcType=INTEGER}, #{passwd,jdbcType=VARCHAR}, #{username,jdbcType=VARCHAR}
      )
  </insert>
  <insert id="insertSelective" parameterType="cn.enjoy.model.EnjoyUser" >
    <!--
      WARNING - @mbggenerated
      This element is automatically generated by MyBatis Generator, do not modify.
      This element was generated on Thu Sep 13 17:54:20 CST 2018.
    -->
    insert into enjoy_user
    <trim prefix="(" suffix=")" suffixOverrides="," >
      <if test="id != null" >
        id,
      </if>
      <if test="passwd != null" >
        passwd,
      </if>
      <if test="username != null" >
        username,
      </if>
    </trim>
    <trim prefix="values (" suffix=")" suffixOverrides="," >
      <if test="id != null" >
        #{id,jdbcType=INTEGER},
      </if>
      <if test="passwd != null" >
        #{passwd,jdbcType=VARCHAR},
      </if>
      <if test="username != null" >
        #{username,jdbcType=VARCHAR},
      </if>
    </trim>
  </insert>
  <update id="updateByPrimaryKeySelective" parameterType="cn.enjoy.model.EnjoyUser" >
    <!--
      WARNING - @mbggenerated
      This element is automatically generated by MyBatis Generator, do not modify.
      This element was generated on Thu Sep 13 17:54:20 CST 2018.
    -->
    update enjoy_user
    <set >
      <if test="passwd != null" >
        passwd = #{passwd,jdbcType=VARCHAR},
      </if>
      <if test="username != null" >
        username = #{username,jdbcType=VARCHAR},
      </if>
    </set>
    where id = #{id,jdbcType=INTEGER}
  </update>
  <update id="updateByPrimaryKey" parameterType="cn.enjoy.model.EnjoyUser" >
    <!--
      WARNING - @mbggenerated
      This element is automatically generated by MyBatis Generator, do not modify.
      This element was generated on Thu Sep 13 17:54:20 CST 2018.
    -->
    update enjoy_user
    set passwd = #{passwd,jdbcType=VARCHAR},
      username = #{username,jdbcType=VARCHAR}
    where id = #{id,jdbcType=INTEGER}
  </update>
</mapper>