<?xml version="1.0" encoding="UTF-8" ?>
<!DOCTYPE mapper PUBLIC "-//mybatis.org//DTD Mapper 3.0//EN" "http://mybatis.org/dtd/mybatis-3-mapper.dtd" >
<mapper namespace="cn.enjoy.dao.orders.OrdersMapper" >
  <resultMap id="BaseResultMap" type="cn.enjoy.model.Orders" >
    <id column="id" property="id" jdbcType="INTEGER" />
    <result column="name" property="name" jdbcType="VARCHAR" />
    <result column="user_id" property="userId" jdbcType="INTEGER" />
    <result column="account" property="account" jdbcType="INTEGER" />
  </resultMap>
  <sql id="Base_Column_List" >
    id, name, user_id, account
  </sql>
  <select id="selectByPrimaryKey" resultMap="BaseResultMap" parameterType="java.lang.Integer" >
    select 
    <include refid="Base_Column_List" />
    from enjoy_order
    where id = #{id,jdbcType=INTEGER}
  </select>
  <delete id="deleteByPrimaryKey" parameterType="java.lang.Integer" >
    delete from enjoy_order
    where id = #{id,jdbcType=INTEGER}
  </delete>
  <insert id="insert" parameterType="cn.enjoy.model.Orders" >
    insert into enjoy_order (id, name, user_id, 
      account)
    values (#{id,jdbcType=INTEGER}, #{name,jdbcType=VARCHAR}, #{userId,jdbcType=INTEGER}, 
      #{account,jdbcType=INTEGER})
  </insert>
  <insert id="insertSelective" parameterType="cn.enjoy.model.Orders" >
    insert into enjoy_order
    <trim prefix="(" suffix=")" suffixOverrides="," >
      <if test="id != null" >
        id,
      </if>
      <if test="name != null" >
        name,
      </if>
      <if test="userId != null" >
        user_id,
      </if>
      <if test="account != null" >
        account,
      </if>
    </trim>
    <trim prefix="values (" suffix=")" suffixOverrides="," >
      <if test="id != null" >
        #{id,jdbcType=INTEGER},
      </if>
      <if test="name != null" >
        #{name,jdbcType=VARCHAR},
      </if>
      <if test="userId != null" >
        #{userId,jdbcType=INTEGER},
      </if>
      <if test="account != null" >
        #{account,jdbcType=INTEGER},
      </if>
    </trim>
  </insert>
  <update id="updateByPrimaryKeySelective" parameterType="cn.enjoy.model.Orders" >
    update enjoy_order
    <set >
      <if test="name != null" >
        name = #{name,jdbcType=VARCHAR},
      </if>
      <if test="userId != null" >
        user_id = #{userId,jdbcType=INTEGER},
      </if>
      <if test="account != null" >
        account = #{account,jdbcType=INTEGER},
      </if>
    </set>
    where id = #{id,jdbcType=INTEGER}
  </update>
  <update id="updateByPrimaryKey" parameterType="cn.enjoy.model.Orders" >
    update enjoy_order
    set name = #{name,jdbcType=VARCHAR},
      user_id = #{userId,jdbcType=INTEGER},
      account = #{account,jdbcType=INTEGER}
    where id = #{id,jdbcType=INTEGER}
  </update>
</mapper>